MODE,LEVEL,QUES_1,QUES_2,QUES_3,QUES_4,ANS_1,ANS_2,ANS_3,ANS_4,HINT_1,HINT_2,HINT_3,HINT_4,AMOUNT
1,1,Người mẹ phát hiện có ai đó đã uống và sau đó đã làm đổ sữa ra tủ lạnh. Tìm xem đó là ai?,,,,Sữa vẫn còn dính trên ngực của thủ phạm. Trong khi không cẩn thận; thủ phạm đã vô tình để sữa dính trên áo.,,,,,,,,0
1,2,Vậy ai là người đã lấy trộm những cái bánh quy trong tủ lạnh?,,,,Vụn bánh quy và chiếc bánh quy ăn dở vẫn còn trên tay của anh ta. Điều này chứng tỏ anh ta là người đã  lấy những chiếc bánh quy trong tủ lạnh,,,,,,,,0
1,3,Một người đàn ông đang đi bộ trong khu chung cư; anh ta bị một cái chai rơi vào đầu. Tìm người đã người gây ra sự cố này?,,,,Kẻ chơi xấu đứng trên ban công trên lầu uống rượu và tán gẫu với bạn của anh ta. Nhưng thật vô lý bên cạnh anh ta không có bất kỳ chai rượu nào,,,,,,,,0
1,4,Ai đó đã chơi khăm; cố tình đổ nước vào những người đi bộ trong khu chung cư. Tìm ra ai là thủ phạm của trò chơi khăm này?,,,,Có một người phụ nữ đang phơi đồ ở ban công và một thanh niên đang tưới hoa. Trên thực tế đồ đã giặt bằng máy giặt thì không thể tạo ra một lượng nước lớn như vậy; thủ phạm chỉ có thể là người đang cầm bình tưới hoa.,,,,,,,,0
1,5,Cửa kính của một căn hộ bị làm vỡ bởi một quả bóng chày. Tìm xem ai đã gây ra sự cố này?,,,,Hai người đang chơi bóng chày ngây gần đó bao gồm một người ném bóng và một người đánh bóng. Người ném bóng đang quay lưng về phía cửa kính bị vỡ; còn người đánh bóng đang đứng đối diện đó. Hướng đánh bóng của anh ta hoàn toàn phù hợp khi làm vỡ cửa kính.,,,,,,,,0
1,6,Tìm nguyên nhân làm chậu hoa rơi vào một người đi đường vô tội?,,,,Con mèo đã nhảy ra ban công và làm chậu hoa rơi xuống; vô tình gây tai nạn cho người đi đường đi qua đó.,,,,,,,,0
1,7,Trong khi đi tuần tra; bảo vệ của khu công viên phát hiện ra những bông hoa đã bị hái trộm bởi một ai đó. Tìm ra thủ phạm đã phá hoại vườn hoa của công viên?,,,,Hôm nay anh ta dẫn một người bạn cùng lớp đến công viên chơi; 2 người khá hợp nhau; anh ta nảy ra ý tưởng sẽ tạo ra một buổi tỏ tình lãng mạn với cô ta. Những bông hoa ở công viên đã trở thành công cụ tỏ tình của anh ta.,,,,,,,,0
1,8,Trong một cửa hàng đồ uống; một khách hàng nữ đã bị quấy rối bởi một khách hàng xấu tính khác. Tìm ra thủ phạm?,,,,Để có thể dễ dàng hành động như vậy. thủ phạm phải là người đứng ngay sau cô gái.,,,,,,,,0
1,9,Người mẹ đã dành ra cả buổi sáng để dọn dẹp ngôi nhà; tuy nhiên một trong hai người con của cô đã gây chú ý bằng cách cố tình bày bừa ra ngôi nhà. Con trai hay con gái của cô đã bày ra trò nghịch ngợm này?,,,,Trên tay của con trai cô đang cầm đôi giầy. Chính cậu ta đã làm bần sàn nhà; sau đó tìm cách che giấu bằng miếng soap,,,,,,,,0
1,10,Ai là người đã làm vỡ chiếc bình hoa?,,,,Người con trai đã vô tình đá quả bóng vào chiếc bình hoa mà mẹ cậu ta mới mua.,,,,,,,,0
1,11,Một photographer có buổi chụp ngoại cảnh ở trên một chiếc cầu cổ. Tuy nhiên; trong khi anh ta đang tập trung chụp hình thì có ai đó đã chơi xấu và đẩy anh ta từ trên cầu xuống. Tìm ra người đã chơi xấu  anh ta?,,,,Người phụ nữ là người đứng gần và cùng phía với người chụp ảnh. thật dễ dàng để cô ta có thể đá anh ta xuống!,,,,,,,,0
2,1,Một người đàn ông đã bị giết trên một chiếc cáp treo. Nơi mà anh ta nhận được vết thương chí mạng?,Nạn nhân bị bắn từ bên ngoài chiếc cáp treo. Làm thế nào mà điều tra viên biết điều đó?, Người bắn súng ở đâu?,Ai đã ra hiệu cho người nổ súng vào nạn nhân?,Có tiếng súng bắn vào đầu nạn nhân. Nạn nhân đã bị bắn ngay ở phần đầu dẫn đến tử vong tại chỗ.,Cửa sổ xe bị vỡ. Viên đạn đã bắn từ ngoài vào và bắn xuyên qua cửa sổ này.,Chiếc trực thăng đang bay lượn ở cùng độ cao với chiếc cáp treo mà nạn nhân đang ở trong đó. Có những người đàn ông ngồi ngay trong chiếc cáp treo bên cạnh; nhưng họ không thể là người bắn súng vì nếu họ làm thế nó sẽ phá vỡ cửa kính trong chiếc cáp treo của họ.,Người ra hiệu giết nạn nhân là các thành viên băng đảng trong chiếc cáp treo tiếp theo. Nạn nhân trở nên quá thân mật với người phụ nữ của ông chủ. Điều này khiến người phụ nữ tin rằng hạnh phúc của mình với một người đàn ông giàu có chỉ như giấc mơ. Cô quyết định sống hết mình bằng cách tiêu hết tiền của ông chủ vào người đàn ông đó.,Phần đầu của nạn nhân.,Cửa kính đã bị vỡ,Chiếc trực thăng.,Những người đàn ông trong chiếc cáp treo tiếp theo,3
2,2,Ai đó đã gọi điện cho cảnh sát và báo cáo rằng họ đã phát hiện ra một xác chết trôi nổi giữa hồ.Khi cảnh sát đến hiện trường;cảnh sát khẳng định rằng nạn nhân là nhân viên của công viên. Làm sao họ biết điều đó?,Chiếc thuyền trôi nổi gần xác là chiếc thuyền mà công viên thường cho khách tham quan thuê. Các nhân viên khác của công viên chắc chắn rằng họ đã khóa chiếc thuyền vào cuối ngày. Làm thế nào mà thuyền lại đang ở giữa hồ gần xác của nạn nhân?,Cảnh sát sau đó tìm thấy thứ gì đó gần thi thể khiến họ tin rằng có ai đó đã đã ở cùng vào lúc nạn nhân chết. Đồ vật họ tìm thấy là gì?,Một cái gì đó trong cảnh cho chúng ta biết về mối quan hệ giữa nạn nhân và người đi cùng anh ta. Đó là đồ vật nào?,Nạn nhân đang mặc một chiếc áo khoác có chữ PARK RANGER; đây là đồng phục của nhân viên công viên.,Có chìa khóa gắn vào thắt lưng của người đàn ông. Anh ta đã lấy chìa khóa từ nhà kho sau đó đi thuyền ra giữa hồ. Nhưng tại sao anh ta lại làm điều đó khi công viên đã đóng cửa?,Một chiếc găng tay nữ được tìm thấy ngay gần xác của nạn nhân Nạn nhân đang đeo găng tay trên cả hai tay nên đây không thể là của anh ta. Và thiết kế dường như không phù hợp với sở thích của anh ấy ...Có thể đã có người khác ở với anh ta trong thời điểm đó.,Một hộp nhẫn đang nổi trên mặt nước. Hóa ra nạn nhân đã đưa bạn gái ra ngoài đi thuyền sau khi công viên đóng cửa. Bạn gái của anh thú nhận rằng cô đã từ chối lời cầu hôn của anh khiến anh tức giận. Trong nỗi sợ hãi; cô nhảy khỏi thuyền bơi đi và không nhận ra rằng chiếc thuyền đã bị lật.Nạn nhân không thể bơi nên anh ta đã bị chết đuối.,Chiếc áo đồng phục của nạn nhân.,Chiếc chìa khóa đang treo ở thắt lưng nạn nhân.,Chiếc găng tay nữ trôi nổi cạnh thi thể nạn nhân.,Một hộp nhẫn đang trôi nổi trên mặt nước.,3
2,3,Một ngư dân đã tìm thấy xác chết ở bên hồ. Nhìn từ xa anh ta đã khẳng định người phụ nữ này đã chết. Tại sao anh ta lại biết điều đó?,Có một chi tiết ở hiện trường giúp cho cảnh sát có thể tìm thấy chủ thuyền một cách dễ dàng. tìm xem đó là cái gì?,Người ngư dân phát hiện ra thi thể là nghi phạm đầu tiên. Tuy nhiên; ngay khi họ phát hiện chiếc thuyền đã được đưa đến hồ từ một nơi khác; anh ta đã bị loại trừ khỏi diện tình nghi. Tại sao?,Làm thế nào cảnh sát biết rằng chiếc thuyền được đưa đến hồ từ nơi khác? Manh mối có thể được nhìn thấy trên chính chiếc thuyền.,Có một con dao bị kẹt trong ngực nạn nhân có thể nhìn thấy từ xa. Anh ta đã gọi cảnh sát ngay lập tức.,Thuyền nhỏ được yêu cầu phải có số ID tàu được hiển thị. Cảnh sát đã theo dõi chủ nhân của nó và bắt đầu điều tra. Sau khi điều tra; cảnh sát phát hiện con trai của chủ sở hữu là người duy nhất có dính líu đến nạn nhân.,Chiếc xe đạp bên hồ là của người ngư dân. Có thể thấy; một số ngư cụ của anh ta vẫn còn trên đó. Anh ta sẽ khó mang cả thuyền và chiếc xe đạp cùng với ngư cụ đến hồ cùng lúc; cảnh sát quyết định loại trừ anh ta như một nghi phạm.,Lớp xà cừ bao phủ dưới đáy thuyền cho thấy rằng chiếc thuyền đã được đưa từ bờ biển từ trước vì những con xà cừ không sống ở nước ngọt. Hóa ra con trai của chủ sở hữu và nạn nhân là đồng nghiệp. Anh ta giết cô vì cô từ chối tình yêu của anh. Anh ấy dàn dựng bằng cách đưa lên thuyền; nhưng than ôi; nó không thực sự giúp ích.,Có một con dao bị kẹt trong ngực nạn nhân, ID của thuyền,Chiếc xe đạp bên hồ,Lớp xà cừ bao phủ dưới đáy thuyền,3
2,4,Có người giật ví của một người phụ nữ trên phố. Người giật ví đang đi trên chiếc xe nào?,Tại sao người phụ nữ đi bên phải đường không có vỉa hè? Tìm lý do từ trong ảnh?,Cảnh sát dễ dàng đưa ra một danh sách các nghi phạm; nhờ người phụ nữ chia sẻ những gì cô nhớ về người giật túi. Chính xác thì cô ấy đã nhớ gì?,Cô cũng nhớ rằng đó là một chiếc xe máy màu đen và có hai người trên đó. Thật không may; cô ấy không nhớ chiếc xe máy cũng như kiểu dáng chiếc xe. Nhưng hiện trường vụ án cho thấy người giật túi đang ở trên xe nào. Là người ngồi trên xe A hay B?,Người phụ nữ đang nhìn theo chiếc xe máy trước mặt.,Một sự kiện khai trương đang được tổ chức bên trái đường lấn chiếm hết vỉa hè.,Cô nhớ biển số trên xe của kẻ giật túi giúp cảnh sát thu hẹp danh sách nghi phạm của họ xuống còn 2 người có cùng số với xe của họ.,Kẻ giật túi phải ngồi phía sau để giật ví; vì vậy câu trả lời là B. Điều tra sâu hơn cho thấy đó là một nhóm cướp giật chuyên nghiệp đã hoạt động được nhiều năm trên khắp địa bàn thành phố.,Chiếc xe đạp,Một sự kiện khai trương,Cô nhớ biển số trên xe,Câu trả lời là B,3
2,5,Một người phụ nữ được tìm thấy đã chết trên một bãi biển đông người. Cô ấy dường như bị ngạt thở dẫn đến chết; thứ gì ở hiện trường có thể là hung khí?,Có vẻ như nạn nhân đã sử dụng sức mạnh cuối cùng của mình để lại manh mối về kẻ giết người. Nó đâu rồi?,Nạn nhân đang ở bãi biển với 4 người bạn. Cảnh sát nghi ngờ một với tên viết tắt B và 0. Nhưng ... Ồ không! Tất cả bọn họ có B trong tên của họ.Câu hỏi của cảnh sát là nạn nhân đang nhắc đến ai?,Tại sao Bob giết bạn gái của mình? Có một manh mối về động cơ của anh ta trong bức tranh.,Có một cái khăn ở bên cạnh cô gái. Có thể hung thủ đã dùng chính cái khăn để thắt cổ cô gái làm cho cô gái bị ngạt thở. Trên cổ của cô gái vẫn còn một vết lằn màu đỏ.,Chữ B.O. được viết trên cát. Cảnh sát nghi ngờ rằng có thể có ít nhất 2 thủ phạm. Một trong số đó phải có B trong tên của họ.,Nếu không có dấu chấm; các chữ cái trên cát sẽ đọc BO có nghĩa là kẻ giết người phải có hai chữ cái đó trong tên của chúng. Bob là người duy nhất phù hợp với điều kiện đó. Cảnh sát cũng phát hiện ra rằng Bob và nạn nhânđang hẹn hò với nhau.,Bob đã hẹn hò với nạn nhân và Beth cùng một lúc. Khi nạn nhân đối chất với anh ta về điều đó; anh ta đã dùng chiếc khăn cố thắt cổ nạn nhân. Anh ta cố gắng biện minh cho hành động của mình; Tôi chỉ muốn cô gái đó im lặng. Tôi không hề có ý giết cô ta.,Cái khăn ở bên cạnh cô gái,Chữ B.O. được viết trên cát, Bob là người duy nhất phù hợp với điều kiện đó,Bob đang năm tay Beth,3
2,6,Một xác chết của một người chơi gôn đã được tìm thấy trên một sân gôn. Cảnh sát suy đoán người đàn ông này đã bị điện giật. Phần nào của cảnh quay cho thấy anh ta đã bị giật bằng một cách nào đó?,Thời tiết có xấu vào thời điểm xảy ra tai nạn không? Có bất cứ điều gì trong cảnh chỉ ra điều đó?,Mặc dù có nhiều cây cao trên sân gôn nhưng sét lại đặc biệt đánh người chơi golf. Tại sao?,Cảnh sát cho rằng đây không phải là một tai nạn do sét đánh đơn giản. Thay vào đó; một người nào đó đã đánh người đàn ông ngất đi trước đó và sau đó tạo hiện trường giả thành một vụ tai nạn do sét đánh. Điều gì đã dẫn cảnh sát đến kết luận này?,Các dấu hiệu hình tia sét trên cỏ cho thấy người chơi gôn bị sét đánh và chết.,Những vũng nước bên cạnh cơ thể người chơi gôn cho thấy thời tiết xấu ở thời điểm đó. Mặt đất chắc cũng ướt.,Tia sét đặc biệt đánh vào người chơi gôn; bất chấp những cái cây cao; vì một cây gậy golf được trồng trên mặt đất bên cạnh anh ta.  Cây gậy đánh golf là kim loại và mục đích là thu hút sét đánh xuống đúng vị trí của nạn nhân.,Cảnh sát kết luận rằng người đàn ông đã bất tỉnh trước vụ sét đánh vì bị đánh vào đầu bởi một cây gậy golf khác; Cây gậy đó nằm trên mặt đất và bị uốn cong bên cạnh anh ta.,Các dấu hiệu hình tia sét trên cỏ,Những vũng nước ,Cây gậy golf được trồng trên mặt đất bên cạnh anh ta,Cây gậy nằm trên mặt đất và bị uốn cong bên cạnh anh ta.,3
2,7,Cảnh sát nhận được một cuộc gọi vào ban đêm từ một y tá báo cáo về cái chết của một nữ bác sĩ. Khi đến bệnh viện; cảnh sát đã tìm ra nguyên nhân cái chết của cô là gì?,Kẻ giết người dường như bị thương. Làm thế nào cảnh sát biết điều đó?,Kẻ giết người bị thương bởi cái gì?,Cô đã bị giết bởi một người làm việc tại bệnh viện nhưng không phải bởi một bệnh nhân. Vật phẩm nào trong phòng khiến điều tra viên nghĩ vậy?,Trên người cô gái không có vết thương; cô ấy đã chết bởi thuốc độc; có một cây kim tiêm đã sử dụng bên cạnh nữ bác sỹ là bằng chứng.,Vết máu trên mặt đất là dấu hiệu cho thấy kẻ tấn công bị thương; vì nạn nhân đã chống trả.,Kẻ giết người đã bị thương bởi cây bút mà bác sĩ đang cầm cô vẫn đang giữ ngay cả sau khi cô ta chết.,Cô đã bị giết bởi một người làm việc tại bệnh viện; do cuốn sách mở trên bàn. Cuốn sách chỉ ra rằng cô ấy đang nghỉ ngơi vào thời điểm đó.,Cây kim tiêm đã sử dụng bị vứt lại bên cạnh nữ bác sĩ,Vết máu trên mặt đất,Cây bút mà bác sĩ đang cầm,Cuốn sách mở trên bàn,3
2,8,Một phụ nữ trẻ được tìm thấy đã chết trong một đêm mưa. Điều tra viên đến hiện trường lúc nửa đêm. Vết thương chí mạng ở đâu?,Một nghệ sĩ sống trong khu phố đã tìm thấy thi thể khi anh ta đến thăm để trả lại một cuốn sách mà anh ta mượn của nạn nhân. Điều tra viên tự hỏi liệu trước khi trả cuốn sách liệu anh ta đã đi tập thể dục hay chăng? Điều gì khiến điều tra viên nghĩ như vậy?,Điều tra viên cho rằng người phụ nữ bị sát hại bên ngoài sau đó mới được mang về nhà. Tại sao anh ta lại nghĩ như vậy?,Hàng xóm nói rằng họ thấy nạn nhân đi ra ngoài vào buổi sáng trước khi trời bắt đầu mưa. Điều này khiến điều tra viên nghi ngờ người nghệ sĩ chính là kẻ giết người. Điều gì chứng minh cho suy đoán này của điều tra viên?,Vết thương chí mạng của người phụ nữ trên trán.,Người nghệ sĩ là chàng trai toát mồ hôi; đang thở hổn hển và mặc chiếc áo khoác đen ướt. Điều này làm cho điều tra viên nghĩ rằng anh ta đang tập thể dục hay vừa làm vệc nặng.,Chiếc áo khoác ướt mà cô đang mặc chứng minh cho việc cô đã bị sát hại ở bên ngoài khi trời mưa rồi được mang về nhà sau đó. ,Các dấu chân dính bùn ở sàn gỗ phía trước nhà rõ ràng lớn hơn so với dấu chân của một người phụ nữ; đó là lý do tại sao nghệ sĩ bị coi là một nghi phạm chính.,Trán của người phụ nữ.,Nam nghệ sĩ đang mặc chiếc áo khoác đen.,Chiếc áo khoác ướt cô gái đang mặc.,Các dấu chân dính bùn ở sàn gỗ phía trước nhà,3
2,9,Hình ảnh cho thấy một vụ cướp đang diễn ra trong một văn phòng. Tại sao tên cướp có thể dễ dàng lẻn vào văn phòng như thế?,Món đồ nào khiến tên cướp nghĩ rằng văn phòng có một lượng tiền mặt lớn?,Tên cướp đang lục lọi ngăn kéo trưởng văn phòng để tìm một cái gì đó.Nữ nhân viên đã nói với anh ta trong đó có để một số vật quan trọng. Đoán xem anh ta đang tìm gì?,Cuối cùng; tên cướp đã thất bại trong việc cướp tiền mặt tại văn phòng và bị bắt ngay sau đó nhờ vào sự thông minh của người phụ nữ. Cô ấy đã làm gì?,Đồng hồ đang chỉ 8h tối; các nhân viên khác và bảo vệ của văn phòng đã về hết; chỉ còn lại 1 nhân viên nữ ở lại tăng ca. Nên tên cướp có thể dễ dàng thực hiện kế hoạch đột nhập vào văn phòng.,Két sắt lớn ở góc trên bên phải của văn phòng khiến tên cướp nghĩ rằng có rất nhiều tiền mặt trong đó.,Trong ngăn kéo tên cướp đang lục lọi có một tờ giấy có ghi 1192; đây là mật mã của két an toàn.,Điện thoại là lý do mà người phụ nữ đã có thể ngăn chặn tên cướp. Cô đã ấn gọi khẩn cấp nên cảnh sát có thể nghe và theo dõi toàn bộ quá trình vụ cướp.,Đồng hồ đang chỉ 8h tối,Có một két sắt lớn ở góc phải.,Ngăn kéo chứa một tờ giấy có ghi 1192;,Điện thoại,3
2,10,Một người phụ nữ được tìm thấy đã chết trong công viên vào khoảng 7 giờ tối. Chồng cô (bên trái) than thở trong khi thám tử (bên phải) nghĩ rằng cô có thể bị buộc phải đến đây. Điều gì khiến anh ấy nghĩ như vậy?,Sau khi điều tra; cảnh sát phát hiện ra nguyên nhân cái chết là nạn nhân đã bị trúng độc xyanua. Hung thủ đã hạ độc vào đâu?,Điều tra sâu hơn; cảnh sát phát hiện ra nạn nhân đã bị bạo hành trong một thời gian dài; điều gì đã chứng minh cho điều đó?,Cuối cùng đã tiết lộ rằng người chồng là hung thủ đã sát hại chính vợ của mình. Họ đã không hòa thuận trong thời gian dài. Tuy nhiền điều gì đã khiến người chồng nảy sinh ý định giết chết nạn nhân?,Thực tế là cô ấy đi chân trần cho thấy rằng cô ấy đã được đưa đến công viên trái với ý muốn của cô ấy.,Có một chai soda dính máu ở miệng chai được vất lại trong thùng rác. Nan nhân đã trúng độc sau khi uống nước từ chai soda đó.,Các vết thương bầm tím trên người nạn nhân là bằng chứng cho việc cô đã bị đánh đập trong một thời gian dài.,Họ đang tranh cãi về tờ giấy trong tay anh ta; nơi có tỷ lệ cược đua ngựa trên đó. Người chồng nghiện cờ bạc. Hóa ra vợ anh ta có một khoản bảo hiểm lớn; anh ta đã lên kế hoạch giết vợ mình để có thể hưởng khoản đền bù đó.,Chân cô ấy đang ang dép đi trong nhà.,Chai soda bị dính máu ở miệng chai.,Các vết bầm tím trên người nạn nhân.,Tờ giấy cá cược đua ngựa trong tay người chồng.,3
2,11,Một người phụ nữ được tìm thấy đã chết vì ngộ độc trong khách sạn của mình; đây là một vụ giết người trong phòng kín; làm sao chúng ta có thể biết những điều đó?,Cảnh sát tìm thấy một cái gì đó rất lạ được đặt trong phòng. Nó là gì?,Thức ăn dường như chưa được động đến. Vậy cô gái bị trúng độc từ đâu?,Người phụ nữ bị giết bởi người quản lý khách sạn; người mà cô đã hẹn hò. Chữ viết tay của người quản lý là chìa khóa để giải quyết trường hợp này. Vật phẩm nào trong phòng có thể có chữ viết tay của anh ấy?,Cửa phòng đang bị khóa; chiếc chìa khóa bị vứt lại ngay cạnh cửa; hung thủ đã cố tình ngụy tạo không có ai trong phòng ngoài nạn nhân,Cái gạt tàn có logo khách sạn trên đó mặc dù có dấu hiệu cấm hút thuốc; cho thấy kẻ tấn công có thể là nhân viên.,Dấu son môi ở trên chiếc ly cho thấy có thể cô gái đã uống ly rượu. Có người nào đó đã hạ độc vào ly rượu của cô gái.,Bức thư tình trên sàn nhà bên cạnh người phụ nữ sẽ là vật phẩm có khả năng nhất chứa chữ viết tay của kẻ tấn công.,Chiếc chìa khóa bị vứt lại ngay cạnh cửa,Cái gạt tàn có logo khách sạn trên đó,Dấu son môi ở trên chiếc ly.,Bức thư tình trên sàn nhà,3
2,12,Một người phụ nữ bị siết cổ đến chết trên tầng thượng của một khách sạn 10 tầng. Khám nghiệm hiện trường cho thấy kẻ giết người là người thân mật với nạn nhân. Điều gì cho thấy điều đó?,Việc treo cổ ở lan can tầng thượng chứng tỏ cô gái không thể tự làm việc đó được mà phải do hung thủ thực hiện. Làm cách nào hung thủ có thể làm việc đó mà không bị phát hiện?,Theo nhân viên khách sạn; nạn nhân đang ở trong phòng 908 và mở cửa sổ. Phòng nào trong hình là phòng mà nạn nhân đã thuê?,Phòng nạn nhân bị khóa từ bên trong và chìa khóa dường như ở trong phòng. Trên điện thoại thông minh của cô; có một lịch sử cuộc gọi của một cuộc gọi mà cô có với kẻ giết người. Làm thế nào mà họ đưa cô lên sân thượng?,Chiếc áo choàng tắm của người phụ nữ chỉ ra rằng cô ấy rất thân mật với kẻ tấn công. Người mà cô có thể mặc áo choàng tắm để gặp mặt.,Hung thủ có thể đã đứng lên chiếc bàn ở cửa sổ phòng ngay trên phòng của cô gái để đưa cô gái từ cửa sổ phòng sát tầng thượng lên đến lan can.,Cửa sổ mở hết cỡ là cửa sổ mà người phụ nữ đang ở tại thời điểm xảy ra vụ án,Sợi dây là công cụ cho phép kẻ tấn công đưa nạn nhân lên sân thượng.,Chiếc áo choàng tắm người phụ nữ đang mặc.,Chiếc bàn ở phòng ngay trên phòng cô gái.,Phòng có cửa sổ mở hết cỡ.,Sợi dây đang treo cổ cô gái.,3
2,13,Một ngày mùa đông;có một vụ giết người đã xảy ra trong một căn phòng bị khóa. Nạn nhân; một nhà vật lý mới nổi; đã bị đầu độc trong phòng thí nghiệm của chính mình. Cái gì đã được sử dụng để đầu độc cô ấy?,Phòng thí nghiệm của nạn nhân bên trong nóng bất thường khi cảnh sát đến. Tại sao lại có điểm bất thường đó?,Phòng thí nghiệm đã bị khóa khi xác của cô được tìm thấy. bạn có 3 manh mối: Phòng thí nghiệm ấm áp khác thường; cây kim gắn vào nút chai và cơ thể nạn nhân. Những gì đã được sử dụng để giết nạn nhân trong căn phòng bị khóa này?,Tại sao hung thủ có thể tính toán đúng vị trí và thời điểm nạn nhân ngồi ở ghế khi ấm nước sôi và bắn kim vào cổ nạn nhân? ,Cây kim đã đâm vào trán nạn nhân là manh mối cho những gì đã đầu độc cô.,Máy sưởi trong văn phòng của cô đã được bật lên và được sử dụng để làm cho văn phòng thêm nóng.,Ấm trà trên đỉnh lò sưởi không gian đã được sử dụng để thực hiện tội ác. Âm nước sôi lên và bay hơi đã tạo ra nột lực đẩy; đẩy nút chai có gắn cây kim tẩm độc bay đến và cắm vào cổ nạn nhân.,Cốc trà ở trên bàn có dấu son của nạn nhân. Hung thủ đã bỏ thuốc mê vào đó.,Cây kim trên trán nạn nhân,Máy sửi trong phòng nạn nhân.,Ấm trà trên đỉnh lò sưởi,Cốc trà trên bàn có dấu son của nạn nhân.,3
2,14,Có một sự hoảng loạn tại hội trường âm nhạc khi ca sĩ đột nhiên ngất đi. Anh được đưa đến ER nhưng không may qua đời. Cảnh sát hiện nghi ngờ một trong những thành viên của ban nhạc. Nhưng tại sao?,Cảnh sát không thể tìm thấy một thiết bị để bắn mũi tên từ đồ đạc của các thành viên trong ban nhạc. Nhưng có một người có thể bắn mũi tên mà không cần cung tên. Ai có thể như vậy?,Tìm một chi tiết cho thấy nạn nhân có thể đã thân thiết với một trong những người đàn ông ở đây?,Tại sao ca sĩ bị sát hại? Tìm ra manh mối ngay trên người của anh ta?,Mũi tên ở lưng khiến cảnh sát nghi ngờ các thành viên ban nhạc vì tất cả bọn họ đều đang đứng ngay sau ca sĩ.,Người chơi đàn hạc có thể đã bắn mũi tên bằng cách sử dụng dây đàn như một chiếc cung tạm thời.,Người chơi trống bên phải đang cười; cho thấy anh ta là đồng phạm và cũng là người đã đánh lạc hướng ca sĩ.,Ca sĩ đã bị giết do vết son môi trên cổ anh ta; cho thấy anh ta đang ngoại tình.,Mũi tên ở lưng của ca sĩ,Người chơi đàn hạc,Người chơi trống,Vết son môi trên cổ nạn nhân,3
2,15,Một thi thể được tìm thấy tại một bảo tàng kinh dị. Du khách bắt đầu hoảng loạn khi nhìn thấy thi thể này; nhưng nhân viên bảo tàng đã có cách xử lý thông minh trong tình huống này. Nhân viên bảo tàng đã làm gì để thuyết phục du khách rằng cơ thể chỉ là giả và làm tăng thêm sức hút cho bảo tàng?,Thi thể được xác định là một nhân viên nam phụ trách khu vực này. Anh ta được tìm thấy không mặc gì ngoài đồ lót. Tuy nhiên hiện trường có một thứ bị bỏ lại không phải của anh ta; đó là gi?,Điều tra viên nghi ngờ rằng đồng phục phải thuộc về một trong những nữ nhân viên; cảnh sát đã thẩm vấn họ nhưng không ai tỏ ra đáng ngờ. Có lẽ một người ngoài cuộc đã ăn cắp đồng phục của nhân viên bảo tàng. Phần nào trong hình gợi ý điều đó?,Tại sao kẻ tấn công phải bỏ lại váy và thay ra quần áo của nạn nhân?,Nhân viên bảo tàng đã đặt mô hình quỷ satan để thuyết phục du khách rằng vụ giết người thực sự là một phần của khung cảnh.,Chiếc váy bên cạnh nạn nhân cho thấy cũng có người khác ở đó với nạn nhân.,Hộp giặt khô chỉ ra rằng người ngoài có thể đã lấy đồng phục và đánh cắp nó.,Nạn nhân chảy quá nhiều máu là lý do khiến kẻ tấn công phải thay ra khỏi váy và quần áo của nạn nhân.,Mô hình quỷ satan,Chiếc váy bên cạnh nạn nhân,Hộp giặt khô,Nạn nhân chảy quá nhiều máu,3
2,16,Đã có một vụ giết người gớm ghiếc tại một phòng khách sạn. Máu vương vãi khắp nơi trong phòng. Vết thương chí mạng dẫn đến cái chết của nạn nhân nằm ở đâu?,Vũ khí giết người là gì? Nó không nhìn thấy được trong cảnh; nhưng có một manh mối cho biết hung khí là gì.,Kẻ giết người là người phụ nữ đã đăng ký vào khách sạn với nạn nhân. Tuy nhiên; ban đầu cô không hề bị nghi ngờ. Tại sao?,Làm thế nào mà cô ấy thoát khỏi hiện trường vụ án không có vết bẩn? Có một đầu mối trong hình.,Vết cắt chí mạng cho nạn nhân nằm trên cổ; bằng chứng là khoảng cách giữa các vết máu.,Cái vỏ dao rỗng trên sàn cho thấy con dao bên trong nó có thể được sử dụng làm vũ khí giết người,Chiếc váy trắng mà người phụ nữ mặc không có vết bẩn trên đó; trong khi đây là một vụ giết người man rợ; khiến cảnh sát nghĩ rằng cô ấy không làm điều đó.,Chiếc giường không có tấm trải giường; hung thủ đã quấn trên mình ga trải giường và sử dụng chúng như một chiếc váy tạm thời.,Vết thương chí mạng của nạn nhân nằm ở cổ,Vỏ dao rỗng trên bàn,Chiếc váy trắng người phụ nữ đang mặc ,Chiếc giường không có ga trải giường,3
2,17,Một nhân viên văn phòng được tìm thấy đã chết trong phòng ngủ ở căn hộ của cô ấy. Vật phẩm nào trong căn phòng này cho thấy nạn nhân có thể đã thân mật với một trong những người đàn ông ở đây?,Vật dụng nào trong phòng được dùng để giết người phụ nữ?,Sau khi nói chuyện với 3 người đàn ông biết rõ nạn nhân; cảnh sát đã đưa một trong số họ đến đồn cảnh sát. Điều gì đã làm họ chắc chắn về điều đó?,Cảnh sát xác nhận người đàn ông này thực sự là kẻ giết người. Vậy thì điều gì có thể là động cơ giết bạn gái của anh ta?,Bức ảnh trên bàn chứng tỏ nạn nhân đang có quan hệ hẹn hò mới một người đàn ông trong phòng.,Cây dao rọc giấy ở góc bàn là hung khí gây ra cái chết của nhân. Chúng ta có thể nhìn thấy máu vẫn còn trên dao.,Đồng hồ trên tay người đàn ông là đồng hồ đôi với cô gái; chứng tỏ anh ta đã có quan hệ thân thiết với nạn nhân. Nhưng anh ta nhất quyết không thừa nhận điều đó. Điều này đã khiến cảnh sát nghi ngờ; liệu có phải anh ta và nạn nhân đã xảy ra xích mích với nhau.,Trang web hẹn hò trực tuyến trên màn hình máy tính là chỉ báo về động cơ của kẻ giết người. Nạn nhân đã nói lời chia tay đầy bất ngờ với hung thủ và hẹn hò với người đàn ông khác.,Bức ảnh trên bàn của nạn nhân,Cây dao rọc giấy,Chiếc đồng hồ trên tay người đàn ông,Trang web hẹn hò trên màn hình máy tính,3
2,18,Một thành viên của một nhóm nhạc nữ nổi tiếng được tìm thấy đã chết ở hậu trường. Điều gì chỉ ra rằng tội ác đã diễn ra chỉ một lúc trước?,Nhìn kỹ hơn vào căn phòng này cho thấy một cái gì đó kỳ lạ. Đó là cái gì?,Một trong ba người có mặt trong căn phòng này mặc đồ kỳ lạ. Chỉ ra người đó?,Nó nói rõ rằng kẻ giết người hiện đang cầm đồ vật mà cô dùng làm vũ khí giết người. Tìm xem đó là gì?,Giọt máu giữa không trung trong bức ảnh cho thấy tội ác vừa xảy ra một lúc trước. Máu vẫn chảy từ cơ thể của nạn nhân.,Tất cả những đạo cụ hóa trang trên bàn bị đảo lộn; có vẻ như có ai đó đã cố ý làm việc này.,Cô gái mặc áo khoác đen nặng nề là người ăn mặc khác thường. trong khi mọi người khác đang mặc quần áo mùa hè và quần áo biểu diễn. Câu hỏi đặt ra là liệu cô  có đang giấu gì trong lướp áo khoác đó?,Chiếc kẹp tóc mà cô gái đang đeo có dính máu. Cô gái đã sử dụng đầu nhọn của chiếc kẹp tóc như một hung khí để làm hại nạn nhân.,Giọt máu giữa không trung ,Đạo cụ hóa trang trên bàn bị đảo lộn,Cô gái mặc áo khoác đen nặng nề,Chiếc kẹp tóc,3
2,19,Một người phụ nữ đã bị chết trong bồn tắm ở nhà. Cô ấy thực sự thích dành thời gian dài trong bồn tắm của mình. Món đồ nào trong phòng tắm của cô ấy chỉ ra điều đó?,Cái gì có thể gây ra cái chết của cô gái?,Một nữ điều tra viên nhận thấy một cái gì đó như một sự ngụy tạo. Có một vật phẩm trong phòng tắm làm cho nạn nhân bị buộc tóc vào lúc chết?,Tìm nguyên nhân trong ảnh dẫn đến quyết định tự tử của cô gái?,Chiếc máy tính bảng / tivi không thấm nước ở bên cạnh bồn tắm cho thấy người phụ nữ thường có thói quen ngâm mình trong bồn tắm và thưởng thwusc các chương trình yêu thích của mình.,Các mảnh vỡ của chai rượu. Có thể cô gái đã sử dụng chúng để tự cắt cổ tay của mình.,Có một dây buộc tóc bên cạnh người phụ nữ. Tóc của cô ấy không hoàn toàn ở trong nước cho thấy chúng đã được buộc vào trước khi chết!,Những bức ảnh trên bàn. Người phụ nữ này đã bị trầm cảm thời gian dài do người cồng ngoại tình. Khi nhận được đơn ly hôn từ người chồng Người phụ nữ này đã quyết định tìm đến cái chết. ,Chiếc máy tính bảng / tivi ,Các mảnh vỡ của chai rượu,Sợi dây buộc tóc bên cạnh người phụ nữ.,Những bức ảnh trên bàn,3
2,20,Một người phụ nữ vừa bị đâm ở trung tâm thương mại. Cô ấy đã bị đâm ở đâu?,A không phải là người chém. Làm sao chúng ta biết được điều này?,B cũng không phải là đã đâm nạn nhân. Làm thế nào chúng ta có thể biết như vậy?,D cũng vô tội. Tại sao có thể nói như vậy?,Nạn nhân bị đâm ở bên mạn sườn; Cô đang dùng tay chặn vết thương của mình và cầm máu.,A không phải là người chém vì cả hai tay anh ta đều mở và có thể nhìn thấy không có gì trong đó. Vì vậy; anh ta không thể là kẻ tấn công.,B không phải là người chém vì cô cả hai tay của cô gái đều đang xách rất nhiều đồ. Cô không thể cầm hung khí và tổn thương nạn nhân,D cũng không làm điều đó bởi vì anh ta đang quay lại và vẫy tay với ai đó.,Nạn nhân bị đâm ở bên mạn sườn,A không phải là người chém vì cả hai tay anh ta đều mở,B không phải là người chém vì cô cả hai tay của cô gái đều đang xách rất nhiều đồ,D đang vẫy tay với ai đó.,3
2,21,Nghi phạm của một vụ án giết người đang trình bày chứng cứ ngoại phạm với thám tử một bức ảnh để chứng minh chứng cứ ngoại phạm của anh ta. Ông nói rằng ông đã có một chuyến đi tới London khi vụ án xảy ra . Phần nào của bức ảnh cho thấy nó đã được chụp ở London?,Nếu bức ảnh là thật; điều đó có nghĩa là nghi phạm đã ở London vào thời điểm tội ác được thực hiện; điều này chứng minh nghi phạm có bằng chứng ngoại phạm xác thực. Làm thế nào để chúng ta biết bức ảnh thực sự được chụp vào ngày của tội ác diễn ra?,Bức ảnh có vẻ đáng tin; nhưng thám tử đột nhiên nhận thấy điều gì đó rất khác lạ trong bức ảnh. Thám tử đã thấy gì?,,Nghi phạm đang sử dụng London như chứng cứ ngoại phạm của mình. Đồng hồ Big Ben trong nền cho thấy bức ảnh thực sự được chụp ở London; nơi nổi tiếng với đồng hồ Big Ben.,Dấu ấn thời gian trên bức tranh là bằng chứng mà bức ảnh được chụp ở London giống như nghi phạm đã nói.,Chiếc xe hơi làm cho bức ảnh trở nên đáng ngờ. Ở London ô tô phải đi bên trái đường. Nhưng trong bức ảnh ô tô lại đang di chuyển và đỗ ở bên phải đường. Anh ta đã cắt ghép bức ảnh và biến nó thành bằng chứng ngoại phạm của mình.,,Đồng hồ Big Ben,Bức ảng có đánh dấu ngày chụp ở góc,Chiếc xe hơi đang được đỗ bên phải đường,,2
2,22,Có một vụ cướp diễn ra ở một cửa hàng tiện lợi; tại sao tên cướp lại có thể dễ dàng lẻn vào siêu thị như vậy?,Tên cướp ngay lập tức bắt nhân viên rời khỏi quầy thu ngân; vì sao vậy? ,Tuy nhiên sau đó cảnh sát đã đến kịp ngay sau đó . Vì sao cảnh sát có thể đến nhanh như vậy?,,Bảng thông báo tuyển dụng bảo vệ đang dán ở cửa của cửa hàng. Bảo vệ của cửa hàng vừa nghỉ việc nên hiện tại cửa hàng không có nhân viên bảo vệ.,Có một nút báo động khẩn cấp được thiết kế ngay cạnh quầy thu ngân. Tên cướp sợ mình sẽ bị phát hiện.,Nhân viên đã đưa tay về phía sau lấy điện thoại di động của anh ấy và gọi cho cảnh sát khi tên cướp không để ý.,,Bảng thông báo tuyển dụng bảo vệ,Nút báo động khẩn cấp,Điện thoại di động,,2
2,23,Một nhà soạn nhạc nổi tiếng đã được tìm thấy đã chết cạnh cây đàn piano của ông ấy ở ngôi nhà cạnh biển trên một hòn đảo nhỏ. Khi tìm thấy xác bản nhạc mang đến danh tiếng cho ông cũng đang được vang lên. Tiếng nhạc vang lên từ đâu; liệu ông có chết khi đang chơi bản nhạc của chính mình?,Trên người ông ta không có vết thương hở nào nhưng có một điểm rất lạ; tìm ra nguyên nhân cái chết của ông ta?,Có một gợi ý trong ảnh cho thấy cái chết của nạn nhân có thể liên quan đến những người thân của nạn nhân. Tìm xem đó là gì?,Trong lúc vội vã; hung thủ vô tình đã làm rơi một vật lại hiện trường; thứ có thể chứng minh được hung thủ là ai. Vật bị hung thủ bỏ lại là gì?,Có một chiếc máy mp3 nhỏ để ngay phía trên của cây đàn. Âm nhạc đang phát ra từ đó. Chắc chắn có một sự ngụy tạo ở đây.,Quần áo ông ta đều ướt sũng; hơn nữa có một đường nước được kéo dài từ cửa sổ đến xác của nạn nhân. Điều này chứng tỏ nạn nhân đã bị chết đuối trước đó; hung thủ đã đưa xác nạn nhân từ dưới biển lên phòng.,Tấm ảnh của nạn nhân và một người bạn thân đã bị vò nát và vứt lại ngay dưới chân của nạn nhân. Hung thủ có thể liên quan đến người bạn này của nạn nhân?,Chiếc huy hiệu bị rơi ở dưới cây đàn piano. Đó là huy hiệu tượng trưng cho từng thành viên trong hội sáng tác nhạc. Điều tra sâu hơn; cảnh sát phát hiện tác phẩm mang lại danh tiếng cho nạn nhân là bản sáng tác chung của nạn nhân và người bạn thân. Nạn nhân đã ăn cắp và công bố dưới tên của anh ta; điều này đã dẫn đến cái chết của ông ta.,Chiếc máy mp3 ,Quần áo nạn nhân,Tấm ảnh của nạn nhân và bạn,Chiếc huy hiệu,3
2,24,Con trai của một cầu thủ nổi tiếng đã bị bắt cóc; kẻ bắt cóc đe dọa anh ta phải cố tình thua trong trận đấu quan trọng sắp tới. Nếu không hắn ta sẽ giết con trai của anh ấy. Điều gì chứng minh điều đó?,Hung thủ đã chứng minh rằng cậu bé đang nằm trong tay hắn bằng cách để lại một vật ở lại căn phòng của cậu. Đó là vật gì?,Thám tử nghi ngờ đây là một vụ bắt cóc do một người quen biết với gia đình của cầu thủ thực hiện. Điều gì đã dẫn đến suy đoán đó của thám tử?,Sau khi điều tra kỹ càng tất cả các mối quan hệ của nạn nhân; thám tử đã tìm ra danh tính của kẻ bắt cóc; điều gì trong cảnh giúp thám tử tìm ra điều đó?,Căn phòng của cậu bé rất bừa bộn; ngay cả con gấu bông yêu thích nhất của cậu cũng bị ném vào một góc. Có vẻ như cậu bé đã vùng vẫy trước khi cậu bị bắt đi.,Có một lá thư cầu cứu với nét chữ của chính cậu bé được đặt ngay ngắn trên bàn. Trên lá thư có viết dòng chữ " cứu con",Mặc dù kẻ bắt cóc cố tình tạo hiện trường hỗn loạn như là đã có một sự giằng co lớn ở đây nhưng trên cánh cửa không hề có dấu vết của một cuộc đột nhập ở đây. Chắc hẳn anh ta phải có chìa khóa của căn nhà này.,Bức ảnh của gia đình cầu thủ với người bạn thân trong đội bóng của anh ta ở trên bàn. Sự thật là; trong buổi tập luyện anh ta đã vô tình gây ra chấn thương cho người bạn thân của mình; khiến anh ta không thể thi đấu trong trận bóng quan trọng sắp tới. Đây là lý do khiến người bạn thân bắt cóc con trai của anh ta.,Con gấu bông,Lá thư ,Cánh cửa,Bức ảnh,3
2,25,Một buổi tiệc hóa trang Halloween đang được tổ chức tại một khu nghỉ dưỡng nổi tiếng. Tuy nhiên; thậy không may; người tổ chức buổi tiệc được tìm thấy đã chết ngay trên bàn ăn khi hóa trang trong lớp mặt nạ quỷ Satan. Vết thương chí mạng của anh ta nằm ở đâu?,Nạn nhân bị một vật sắc nhọn đâm vào ngực. Tìm ra hung khí gây tử vong cho nạn nhân?,Hung thủ đã đâm nạn nhân một vết chí mạng; tại sao tất cả mọi người trong bữa tiệc không thể nghe thấy tiếng hét của nạn nhân. Tìm ra nguyên nhân?,Hung thủ là một trong số những khách mời tham dự bữa tiệc. Tìm xem đó là ai?,Vết thương chí mạng của anh ta nằm ở ngực. Máu đang chảy ra từ ngực của anh ta.,Theo các nhân chứng; Trên tay nạn nhân đang cầm một con dao cũng là đạo cụ hóa trang của nạn nhân. Nhưng thật không thể tin được; nó đã đươc đánh tráo bằng một con dao thật. Trên đầu dao dính đầy máu của nạn nhân. ,DJ đang chơi nhạc ở trên sân khấu. Nạn nhân đã bị sát hại trong lúc khai tiệc; khi mà DJ đang chơi những bản nhạc sôi động và mọi người đều dành hết sự chú ý lên sân khấu.,Cổ tay áo của người đàn ông đứng sau nạn nhân có dính máu. Anh ta chính là hung thủ. Sau khi điều tra; hung thủ khai nhận rằng anh ta chính là trợ lý của nạn nhân; anh ta đã biển thủ công quỹ và bị nạn nhân phát hiện.,Ngực nạn nhân,Con dao trên tay nạn nhân,DJ đang chơi nhạc trên sân khấu,Người đàn ông dính máu trên tay áo,3
2,26,Cảnh sát được báo án rằng một thương nhân kim cương nổi tiếng đã bị sát hại trong chính căn hộ của họ; duy nhất chỉ có người con trai của họ may mắn thoát nạn; anh ta chỉ bị đâm một nhát ở sau lưng; và nằm gần tủ sách. Hung khí gây ra cái chết của ông ta là gì?,Người con trai của gia đình còn sống sót khai báo rằng gia đình anh ta đã bị những tên cướp giết chết; đây là một vụ cướp của giết người; bố của anh ta đã bị cướp mất 26 viên kim cương. Tuy nhiên; cảnh sát nghi ngờ rằng anh ta đang làm giả lời khai; điều gì đã khiến cảnh sát nghi ngờ về điều này?,Sau khi điều tra sâu hơn; cảnh sát phát hiện công ty IT của người con trai kinh doanh được 3 năm đang trên bờ vực phá sản; anh ta đã vay tiền bố của mình nhưng ông đã không đồng ý. Cảnh sát nghi ngờ chính người con trai đã gây nên vụ án mạng này; nhưng điều khiến cảnh sát băn khoăn chưa thể kết tội anh ta đó là vết thương nằm sau lưng anh ta; làm sao anh ta có thể tạo ra một vết thương sau lưng?,Tuy nhiên; vẫn chưa đủ bằng chứng để cảnh sát có thể kết tội hung thủ; tìm xem những viên kim cương bị mất được hắn giấu ở đâu? Hung thủ không có khả năng mang viên kim cương ra khỏi hiện trường vụ án vì hắn đã bị thương khá nặng.,Có một con dao gọt hoa quả nằm gần thi thể của ông ta; con dao dính đầy máu. Nó hoàn toàn trùng khớp với những vết đâm trên người nạn nhân.,Có nhiều vết dao đâm trên người của người bố; hung thủ phải có thù hận sâu sắc với người đàn ông này.,Có một miếng vải dính máu bị kẹt lại trên giá sách. Anh ta đã kẹp con dao ở đó sau đó tự đâm vào sau lưng của mình rồi vất con dao đó đến gần thi thể bố của mình và ngụy tạo do một người khác làm.,Có một tia sáng lóe lên từ bể cá khi mặt trời vô tình chiếu vào; những viên kim cương hẳn là đã được giấu ở trong đó.,Con dao gọt hoa quả dính máu,Có rất nhiều vết đâm trên thi thể người bố,Miếng vải bị kẹt lại trên giá sách.,Tia sáng từ bể cá,3
2,27,Vào một ngày mùa đông; cảnh sát nhận được tin báo từ một diễn viên nổi tiếng rằng cô về nhà sau một chuyến lưu diễn thì đã phát hiện ra thi thể của một người đàn ông lạ mặt trong căn hộ của mình. Vết thương chí mạng nằm ở đâu?,Cô gái kiên quyết rằng mình không hề quen biết nạn nhân; nhưng có một chi tiết trong cảnh đã cho thấy cô đang nói dối. Đó là chi tiết nào?,Việc nữ diễn viên nói dối đã dẫn đến sự nghi ngờ của cảnh sát rằng cái chết của nạn nhân nhân liệu có liên quan đến vụ án. Nhưng chi tiết nào ở hiện trường đã chứng minh nữ diễn viên không hề liên quan đến cái chết của nạn nhân?,Sau khi điều tra; nữ diễn viên đã thừa nhận; nạn nhân là bạn trai cũ của cô. Họ đã chia tay được gần 1 năm từ trước khi cô nổi tiếng; nhưng gần đây anh ta thường theo dõi cô và thường xuyên dùng cái chết để đe dọa cô quay lại. Liệu đây có thật sự là một vụ tự tử; chi tiết nào chứng minh điều đó?,Có một con dao bị kẹt sau lưng nạn nhân. Hẳn đó phải là vết thương chí mạng. Sau khi khám nghiệm tử thi; cảnh sát kết luận rằng nạn nhân mất nhiều máu đẫn đến tử vong; và nạn nhân đã chết khoảng 1-2 ngày trước.,Trên tay nạn nhân đang cầm thẻ khóa của căn hộ của nữ diễn viên. Tại sao nạn nhân lại có chìa khóa nhà trong khi không hề quen biết với chủ nhân của căn nhà đó.,Chiếc vali và hộ chiếu của nữ diễn viên vẫn còn để ở cửa. Điều này chứng tổ đúng là cô vừa về nhà sau một chuyến lưu diễn ở nước ngoài.,Tất cả đồ vật trong nhà đều bị xáo trộn; chỉ có chiếc ghế đằng sau nạn nhân là còn ngay ngắn. Nạn nhân đã sử dụng chếc ghế để tự tạo vết thương cho mình. Anh ta đã cố định con dao bằng cách đóng băng nó vào khối  nước đá sau đó nhảy từ trên chiếc ghế đó xuống. Anh ta đã cố tạo hiện trường giả thành một vụ giết người nhằm đánh mất danh tiếng của nữ diễn viên để trả thù cô ấy.,Sau lưng nạn nhân,Thẻ khóa căn hộ,Chiếc vali và hộ chiếu,Chiếc ghế đằng sau nạn nhân,3
2,28,Một buổi sáng khi mọi người đến văn phòng công ty thì phát hiện ra công ty họ đã bị trộm mất bộ giấy tờ đấu thầu quan trọng. Hung thủ có thể đột nhập từ đâu?,Thủ phạm đã sử dụng vật gì để đập vỡ cửa kính văn phòng?,Mọi người nghi ngờ tên trộm có mục đích ăn trộm giấy tờ trong dự án quan trọng của công ty mà không có mục đích ăn trộm tài sản. Tại sao họ lại nghĩ vậy?,Thủ phạm hẳn là một nhân viên của công ty vì hắn ta có thể biết hết tài liệu quan trọng của công ty nằm ở đâu và dễ dàng vào trong như vậy. Người nào là người đáng ngờ nhất trong những nhân viên đang có mặt ở văn phòng?,Cửa kính của văn phòng đã bị đập vỡ; tên trộm đã đột nhập từ đó.,Bình cứu hỏa nằm trên sàn nhà; hẳn hắn đã dùng nó để đánh vỡ cửa kính.,Chiếc máy tính bảng và điện thoại của công ty vẫn nằm ở trên bàn. Tên trộm không lấy đi tài sản có giá chị của văn phòng.,Người đàn ông đứng ngay cạnh bàn làm việc. Anh ta bị thương ở một bên tay. Tại sao lại có một sự trùng hợp như vậy; liệu anh ta bị thương trong lúc cố phá cửa kính để đột nhập vào văn phòng?,Cửa kính văn phòng bị đập vỡ,Bình cứu hỏa,máy tính bảng và điện thoại,Người đàn ông đứng cạnh bàn,3
2,29,Cảnh sát nhận được tin báo con gái của chủ tịch một công ty bất động sản đã bị bắt cóc trong chính căn nhà của mình khi đang chơi trong sân. Cửa lớn của ngôi nhà đã bị khóa; hắn đã đưa nạn nhân đi bằng cách nào?,Căn biệt thự được bảo vệ nghiêm ngặt nhưng có một lỗ hổng an ninh duy nhất; đó là gì?,Có một điểm rất mâu thuẫn ở đây; một điều tra viên phát hiện tên bắt cóc khó có thể trèo qua cái cây; tại sao anh ta lại nói như vậy?,Cảnh sát nghi ngờ kẻ bắt cóc cô bé là một người làm trong ngôi biệt thự; trong số những người có mặt ở hiện trường ai là người đáng nghi nhất?,Một chiếc giày của đứa trẻ bị rơi bên cạnh cái cây gần bức tường; hẳn hung thủ đã ôm đứa bé rồi trèo qua tường và bỏ trốn.,Cái cây bên cạnh bức tường bên phải; thủ phạm đã đột nhập vào ngôi nhà qua bức tường bên phải rồi leo qua cái cây để bỏ trốn.,Theo lời các nhân chứng kể lại; cô bé chơi một mình trong sân khi những người giúp việc đang nấu cơm. Tuy nhiên; ngoài tiếng hét của cô bé; họ không hề nghe thấy tiếng động gì khác. Theo lẽ thường; chú chó phải kêu lên khi thấy có người lạ lẻn vào nhà?,Ông quản gia là người ở gần cô bé nhất khi cô bé bị bắt cóc; ông ta đang giấu chiếc kẹp tóc cô bé thích nhất. Câu hỏi cảnh sát đặt ra; nếu ông ta không phải kẻ bắt cóc tại sao ông ta phải che giấu nó?,Chiếc giày,Cái cây bên cạnh bức tường,Chú chó trong sân,Người đàn ông đang giấu kẹp tóc của cô bé,3
2,30,Một vụ tai nạn giao thông vừa xảy ra trên đường quốc lộ đã xảy ra vào một đêm mưa; thật không may quốc lộ không hề có camera an ninh; làm thế nào để cảnh sát xác định được đâu là chiếc xe đi sai?,Tại sao có biển báo nhưng chủ xe chiếc xe màu đỏ vẫn đi vào đường một chiều?,Cảnh sát giao thông đến hiện trường xác nhận vụ việc nhưng không phát hiện người bị nạn; họ đang ở đâu? ,,Trên đường có một biển báo đường một chiều; rất dễ để xác định đâu là chiếc xe đi sai làn.,Trên chiếc xe màu đỏ có chai rượu đang đổ ở trên ghế phụ; chủ nhân của chiếc xe đã uống rượu khi lái xe; anh ta đang trong tình trạng không tỉnh táo.,Phía xa có một chiếc xe cứu thương đang đi khuất. Những người đi đường phát hiện ra vụ tai nạn nên đã kịp thời gọi xe cứu thương và đưa họ tới bệnh viện.,,Biển báo đường một chiều,Những chai rượu trên chiếc xe đỏ,Xe cứu thương,,2
2,31,Trong chuyến dã ngoại ở ngoại ô vào cuối tuần của một gia đình; con gái 10 tuổi của họ đã bị mất tích. Có dấu hiệu gì cho hướng đi của cô bé?,Một gợi ý trong hình cho thấy cô bé mới chỉ bị mất tích vài phút trước; đó là gì? ,Cô bé bị mất tích khi bố mẹ cô bé đang mải chuẩn bị đồ trong xe cho buổi dã ngoại; tuy nhiên họ không hề nghe thấy tiếng hét của cô bé. Tìm ra dấu vết cô bé để lại chứng minh cô bé không bị bắt cóc?,Khoảng một tiếng sau; họ đã tìm thấy cô bé đi lạc trong rừng. Tìm ra lý do cô bé chạy vào đó?,Những bông hoa cô bé đã hái trước đó bị bỏ lại trên con đường dẫn vào rừng.,Quả bóng bay cô bé cầm trước khi đi lạc vẫn đang bay trong không trung; có lẽ nó chỉ mới bị cô bé thả ra vài phút trước đó.,Cô bé đã để lại một dòng chữ trên chiếc xe du lịch:" I will be right back",Chiếc dây xích buộc chú chó của gia đình này đã bị đứt. Cô bé đã chạy theo tìm chú chó quay lại.,Những bông hoa,Quả bóng bay,Dòng chữ trên chiếc xe,Dây xích của chú chó.,3
2,32,Một người phụ nữ được tìm thấy đã chết trong căn hộ của cô ấy. Cảnh sát khẳng định rằng đây không phải là một vụ giết người tuy nhieen cũng không phải một vụ tự sát. Cô ấy mất như thế nào?,Có gì đó trong phòng của cô ấy giải thích lý do tại sao cô ấy bị cắn bởi con rắn. Tìm đồ vật đó?,Con rắn đến từ đâu?,,Cô ấy có thuốc diệt côn trùng và cành cây trong tay; điều đó cho thấy rằng cô ấy đã chiến đấu với con rắn cho đến khi chết,Gà con và vịt con trên bàn là thức ăn nạn nhân đã chuẩn bị cho con rắn của cô ấy. Điều này đã vô tình hấp dẫn con rắn đến,Cái lồng nuôi rắn để mở ở trên. Có thể nạn nhân đã quên đạy kinsau khi cho con rắn của cô ý ăn.,,Cô ấy có thuốc diệt côn trùng và cành cây trong tay,Gà con và vịt con trên bàn là thức ăn nạn nhân,Cái lồng nuôi rắn để mở ở trên,,3
2,33,Một nhân viên bảo vệ tại một bảo tàng nghệ thuật đã tìm thấy một xác chết trong cuộc tuần tra ban đêm của anh ta. Anh ta nói với điều tra viên rằng anh ta tìm thấy xác sau khi nghe thấy một tiếng động lớn. Điều gì có thể là nguồn gốc của tiếng ồn?,Cơ thể thuộc về một tên trộm đã lẻn vào để đánh cắp các tác phẩm nghệ thuật. Làm thế nào mà anh ấy phá vỡ kính trưng bày?,Kẻ trộm đã đánh vỡ vào hộp trưng bày bằng cách sử dụng cây búa. Hắn ta vẫn đang cầm cây búa trong tay ngay cả sau khi anh ta chết,Cái gì đã giết kẻ trộm?,Nguyên nhân của tiếng ồn là hộp vết nứt vỡ ở hộp trưng bày nghệ thuật; do têm trộm đập vỡ nó bằng cây búa hắn mang đến.,Kẻ trộm đã đánh vỡ hộp trưng bày bằng cách sử dụng cây búa mà hắn vẫn cầm trong tay ngay cả sau khi chết.,Nhìn kỹ vào ngực của tên trộm. Có một vết lõm ở ngực của anh ta. Mặt nạ của anh ta cũng bị khóa; điều này đã cung cấp một gợi ý khác về cái chết của tên trộm.,Cây dùi cui trên thắt lưng của bảo vệ là thứ đã giết chết tên cướp. Nếu một thứ khác có thể giết hắn thì đó chỉ có thể là cây búa; tuy nhiên điều đó là gần như không thể vì hắn đang cầm cây búa trên tay.,Vết nứt vỡ ở hộp trưng bày nghệ thuật,Hắn đã sử dụng cây búa trên tay,Chiếc mặt nạn anh ta đang đeo,Cây dùi cui trên thắt lưng người bảo vệ ,3
2,34,Có một vụ giết người trong phòng khách sạn vào một đêm mưa. Vũ khí giết người là gì?,Kẻ giết người phải đã trèo qua cửa sổ. Phần nào của hiện trường vụ án gợi ý về điều đó?,Có 3 nghi phạm đã ở cùng khách sạn với nạn nhân. Ai trong số 3 người đáng ngờ nhất cho cái chết của nạn nhân?,Điều tra viên đã phát hiện ra một điều khác thường ở các nghi phạm. Tìm xem đó là gì?,Chiếc đèn là vũ khí giết người; bằng chứng là nó bị vỡ và có vết máu trên cán đèn.,Bức màn bị kẹt trong cửa sổ ở phía bên trái cho thấy kẻ tấn công đã chạy qua cửa sổ và vô tình làm vướng màn cửa vào đó.,B là người đáng ngờ nhất cho cái chết của nạn nhân vì anh ta đang mặc một chiếc áo choàng tắm; điều này có thể giải thích lý do nạn nhân bị ướt. Tuy nhiên; nạn nhân cũng có thể dùng áo choàng tắm để nguy tạo cho việc hắn trèo qua cửa sổ và bị ướt mưa.,Chiếc đồng hồ đeo tay B là điều khiến điều tra viên nghi ngờ. Liệu có ai lại đeo một chiếc đồng hồ trên tay khi tắm.,Chiếc đèn bàn,Bức màn bị kẹt trong cửa sổ,B đang mặc một chiếc áo choàng tắm,B đang đeo trên tay một chiếc đồng hồ.,3
2,35,Có một kẻ giết người ở một ngôi nhà trên sườn núi. Phần nào của cảnh chỉ ra nguyên nhân cái chết của nạn nhân?,Có 3 người đàn ông khác ở tại nhà tranh. Ai trong số họ KHÔNG THỂ là kẻ giết người?,Ai trong số hai nghi phạm còn lại là kẻ giết người? Có bất cứ điều gì gần thi thể giúp xác định điều đó?,,,,,,,,,,3
,,,,,,,,,,,,,,3
,,,,,,,,,,,,,,2
,,,,,,,,,,,,,,3
,,,,,,,,,,,,,,2
,,,,,,,,,,,,,,3
,,,,,,,,,,,,,,3
,,,,,,,,,,,,,,3